disease,prevalence,"F:M sex ratio"
dcSSc,0.000175,0.8
PM,0.000135,0.714285714285714