disease,prevalence,"F:M sex ratio"
dcSSc,0.000127,0.8275862069
PM,0.000135,0.714285714285714
